{"chi2": {"5": 1.1518883055286062, "10": 1.134279782008532, "15": 0.9630815357035925, "20": 1.4495007217322884, "25": 1.792871980488902, "30": 1.1874030925389063, "35": 1.406336831695903, "40": 10.196393169121055, "45": 1.0607471869302116, "50": 1.0465477666018468}, "f-regression": {"5": 0.960001231814932, "10": 0.9481584789885308, "15": 1.0565823836447283, "20": 1.057354786009991, "25": 1.0888262362120418, "30": 1.033362623188823, "35": 0.9477342862565244, "40": 10.904648768289492, "45": 1.0664176545264206, "50": 1.051368613050209}, "variance-threshold": {"5": 0.9719986938288622, "10": 1.0290887640787574, "15": 1.049534290595481, "20": 1.0151294229708898, "25": 1.023002935750473, "30": 1.009416815531426, "35": 1.0208247801430823, "40": 1.035685356213013, "45": 1.0289676785250113, "50": 0.9590611121968784}, "random-forest-feature-importance": {"5": 1.4756060232366004, "10": 1.1872079258190396, "15": 1.364783100666357, "20": 1.299937212945519, "25": 1.3191182924963714, "30": 1.410727735929033, "35": 1.3214656620140186, "40": 1.3678918193380638, "45": 1.4225362591027022, "50": 1.3427247848729371}, "mutual-importance-regression": {"5": 1.1687222277623273, "10": 1.1537307465318425, "15": 1.182281435240764, "20": 1.2010922039062728, "25": 1.1740463937487715, "30": 1.1870429629957735, "35": 1.2144016615494455, "40": 1.1763166822931594, "45": 1.1933867054817295, "50": 1.1828628052587014}, "f-classif": {"5": 0.960001231814932, "10": 0.948473165040246, "15": 1.0473630496862532, "20": 1.027837317401883, "25": 1.081317530461248, "30": 1.0267731783397769, "35": 0.9495839308552184, "40": 10.17864044159628, "45": 1.0609197009889015, "50": 1.0465477666018468}, "recursive-feature-elimination": {"5": 0.918130432617164, "10": 0.9180346633934422, "15": 0.9180931849043736, "20": 0.945612528010892, "25": 0.9161428633433616, "30": 0.9166956504263002, "35": 0.9175248913800532, "40": 0.918551867140892, "45": 0.9735303611758336, "50": 0.9502676287177574}, "extra-tree-classifier-feature-importance": {"5": 1.454131644452394, "10": 1.215592872579614, "15": 1.316531009449757, "20": 1.348061043529169, "25": 1.266603787119033, "30": 1.3677419178465746, "35": 1.3618400407872362, "40": 1.3284210881102734, "45": 1.3662265252549113, "50": 1.3903343136211803}, "forwardelimination": {"5": 0.9507186185616262, "10": 1.2985327499854975, "15": 0.951563765878761}, "permutationimportance": {"5": 0.9436337056025556, "10": 1.0748358425612892, "15": 1.06198376055232, "20": 1.091215283173683, "25": 1.0998698226153436, "30": 1.0408314220264907, "35": 1.0383605583888993, "40": 1.019899477442996, "45": 1.0893979531815705, "50": 1.01182667548676}}